{"cameraMode":{"drawMode":0,"name":"Shaded","section":"Shading Mode"},"sceneLighting":true,"audioPlay":false,"sceneViewState":{"showFog":true,"showMaterialUpdate":false,"showSkybox":true,"showFlares":true,"showImageEffects":true,"showParticleSystems":true,"showVisualEffectGraphs":true,"m_FxEnabled":true},"in2DMode":false,"pivot":{"x":4.910493850708008,"y":2.5965042114257814,"z":11.76655101776123},"rotation":{"x":-0.051315199583768848,"y":0.9298513531684876,"z":-0.14225487411022187,"w":-0.33542248606681826},"size":1.5841950178146363,"orthographic":false}